{
  "split_strategy": "time",
  "train_quarters": [
    20191,
    20192,
    20193,
    20194,
    20201,
    20202,
    20203,
    20204,
    20211,
    20212,
    20213,
    20214,
    20221,
    20222,
    20223,
    20224
  ],
  "val_quarters": [
    20231,
    20232,
    20233,
    20234
  ],
  "test_quarters": [
    20241,
    20242,
    20243
  ],
  "ensemble_weights": {
    "w_lgbm": 0.4815845208677778,
    "w_tcn": 0.5184154791322221
  },
  "thresholds": {
    "danger_quantile": 0.9,
    "caution_quantile": 0.7,
    "danger": 0.4012739932460951,
    "caution": 0.2977770324950346
  },
  "calibration_info": null,
  "lgbm": {
    "val": {
      "auc": 0.5588971269694161,
      "pr_auc": 0.25295525029591454,
      "p_at_k": 0.25806451612903225,
      "r_at_k": 0.12307692307692308,
      "k_pct": 10,
      "brier": 0.18910459804320928,
      "calibration": {
        "bin_centers": [
          0.05,
          0.15000000000000002,
          0.25,
          0.35000000000000003,
          0.45,
          0.55,
          0.6500000000000001,
          0.75,
          0.8500000000000001,
          0.95
        ],
        "actual_freq": [
          0.14285714285714285,
          0.25675675675675674,
          0.16521739130434782,
          0.2702702702702703,
          0.22448979591836735,
          0.21875,
          0.125,
          0.4666666666666667,
          0.3333333333333333,
          null
        ],
        "n_per_bin": [
          168,
          148,
          115,
          74,
          49,
          32,
          24,
          15,
          3,
          0
        ]
      },
      "n_samples": 628,
      "pos_ratio": 0.2070063694267516
    },
    "test": {
      "auc": 0.6081006192323446,
      "pr_auc": 0.32871631819358105,
      "p_at_k": 0.32608695652173914,
      "r_at_k": 0.12396694214876033,
      "k_pct": 10,
      "brier": 0.20858367066353062,
      "calibration": {
        "bin_centers": [
          0.05,
          0.15000000000000002,
          0.25,
          0.35000000000000003,
          0.45,
          0.55,
          0.6500000000000001,
          0.75,
          0.8500000000000001,
          0.95
        ],
        "actual_freq": [
          0.15517241379310345,
          0.2376237623762376,
          0.2702702702702703,
          0.35714285714285715,
          0.38095238095238093,
          0.30303030303030304,
          0.2692307692307692,
          0.4166666666666667,
          0.3333333333333333,
          0.0
        ],
        "n_per_bin": [
          116,
          101,
          74,
          56,
          42,
          33,
          26,
          12,
          3,
          1
        ]
      },
      "n_samples": 464,
      "pos_ratio": 0.2607758620689655
    }
  },
  "tcn": {
    "val": {
      "auc": 0.6016408528691529,
      "pr_auc": 0.2805404656244581,
      "p_at_k": 0.3709677419354839,
      "r_at_k": 0.17829457364341086,
      "k_pct": 10,
      "brier": 0.165456527181791,
      "calibration": {
        "bin_centers": [
          0.05,
          0.15000000000000002,
          0.25,
          0.35000000000000003,
          0.45,
          0.55,
          0.6500000000000001,
          0.75,
          0.8500000000000001,
          0.95
        ],
        "actual_freq": [
          null,
          0.07692307692307693,
          0.1908713692946058,
          0.2748091603053435,
          null,
          null,
          null,
          null,
          null,
          null
        ],
        "n_per_bin": [
          0,
          13,
          482,
          131,
          0,
          0,
          0,
          0,
          0,
          0
        ]
      },
      "n_samples": 626,
      "pos_ratio": 0.20607028753993611
    },
    "test": {
      "auc": 0.5980772474278968,
      "pr_auc": 0.3438045124997127,
      "p_at_k": 0.391304347826087,
      "r_at_k": 0.1487603305785124,
      "k_pct": 10,
      "brier": 0.18937050008432224,
      "calibration": {
        "bin_centers": [
          0.05,
          0.15000000000000002,
          0.25,
          0.35000000000000003,
          0.45,
          0.55,
          0.6500000000000001,
          0.75,
          0.8500000000000001,
          0.95
        ],
        "actual_freq": [
          null,
          0.0,
          0.23268698060941828,
          0.3978494623655914,
          null,
          null,
          null,
          null,
          null,
          null
        ],
        "n_per_bin": [
          0,
          10,
          361,
          93,
          0,
          0,
          0,
          0,
          0,
          0
        ]
      },
      "n_samples": 464,
      "pos_ratio": 0.2607758620689655
    }
  },
  "ensemble": {
    "val": {
      "auc": 0.571646935878839,
      "pr_auc": 0.252985083272938,
      "p_at_k": 0.24193548387096775,
      "r_at_k": 0.11627906976744186,
      "k_pct": 10,
      "brier": 0.16856523206211058,
      "calibration": {
        "bin_centers": [
          0.05,
          0.15000000000000002,
          0.25,
          0.35000000000000003,
          0.45,
          0.55,
          0.6500000000000001,
          0.75,
          0.8500000000000001,
          0.95
        ],
        "actual_freq": [
          0.5,
          0.15228426395939088,
          0.21074380165289255,
          0.2644628099173554,
          0.16666666666666666,
          0.4375,
          null,
          null,
          null,
          null
        ],
        "n_per_bin": [
          2,
          197,
          242,
          121,
          48,
          16,
          0,
          0,
          0,
          0
        ]
      },
      "n_samples": 626,
      "pos_ratio": 0.20607028753993611
    },
    "test": {
      "auc": 0.6148953087728599,
      "pr_auc": 0.3305803298517431,
      "p_at_k": 0.30434782608695654,
      "r_at_k": 0.11570247933884298,
      "k_pct": 10,
      "brier": 0.1893397344620504,
      "calibration": {
        "bin_centers": [
          0.05,
          0.15000000000000002,
          0.25,
          0.35000000000000003,
          0.45,
          0.55,
          0.6500000000000001,
          0.75,
          0.8500000000000001,
          0.95
        ],
        "actual_freq": [
          0.0,
          0.15037593984962405,
          0.27388535031847133,
          0.3673469387755102,
          0.2857142857142857,
          0.46153846153846156,
          0.0,
          null,
          null,
          null
        ],
        "n_per_bin": [
          6,
          133,
          157,
          98,
          56,
          13,
          1,
          0,
          0,
          0
        ]
      },
      "n_samples": 464,
      "pos_ratio": 0.2607758620689655
    }
  }
}