{
  "split_strategy": "time",
  "train_quarters": [
    20191,
    20192,
    20193,
    20194,
    20201,
    20202,
    20203,
    20204,
    20211,
    20212,
    20213,
    20214,
    20221,
    20222,
    20223,
    20224
  ],
  "val_quarters": [
    20231,
    20232,
    20233,
    20234
  ],
  "test_quarters": [
    20241,
    20242,
    20243
  ],
  "ensemble_weights": {
    "w_lgbm": 0.49258719601538437,
    "w_tcn": 0.5074128039846155
  },
  "lgbm": {
    "val": {
      "auc": 0.5818968180413964,
      "pr_auc": 0.2624555666263034,
      "p_at_k": 0.3064516129032258,
      "r_at_k": 0.14615384615384616,
      "k_pct": 10,
      "brier": 0.1810585673173541,
      "calibration": {
        "bin_centers": [
          0.05,
          0.15000000000000002,
          0.25,
          0.35000000000000003,
          0.45,
          0.55,
          0.6500000000000001,
          0.75,
          0.8500000000000001,
          0.95
        ],
        "actual_freq": [
          0.1642512077294686,
          0.1901840490797546,
          0.24468085106382978,
          0.20634920634920634,
          0.2926829268292683,
          0.2,
          0.2777777777777778,
          0.46153846153846156,
          0.25,
          null
        ],
        "n_per_bin": [
          207,
          163,
          94,
          63,
          41,
          25,
          18,
          13,
          4,
          0
        ]
      },
      "n_samples": 628,
      "pos_ratio": 0.2070063694267516
    },
    "test": {
      "auc": 0.58913813459268,
      "pr_auc": 0.3102501976509909,
      "p_at_k": 0.30434782608695654,
      "r_at_k": 0.11570247933884298,
      "k_pct": 10,
      "brier": 0.21148399177843358,
      "calibration": {
        "bin_centers": [
          0.05,
          0.15000000000000002,
          0.25,
          0.35000000000000003,
          0.45,
          0.55,
          0.6500000000000001,
          0.75,
          0.8500000000000001,
          0.95
        ],
        "actual_freq": [
          0.17355371900826447,
          0.2641509433962264,
          0.2328767123287671,
          0.3442622950819672,
          0.3877551020408163,
          0.23809523809523808,
          0.3684210526315789,
          0.18181818181818182,
          0.3333333333333333,
          null
        ],
        "n_per_bin": [
          121,
          106,
          73,
          61,
          49,
          21,
          19,
          11,
          3,
          0
        ]
      },
      "n_samples": 464,
      "pos_ratio": 0.2607758620689655
    }
  },
  "tcn": {
    "val": {
      "auc": 0.5994104159842778,
      "pr_auc": 0.2801747828341011,
      "p_at_k": 0.3387096774193548,
      "r_at_k": 0.16279069767441862,
      "k_pct": 10,
      "brier": 0.16103184584126565,
      "calibration": {
        "bin_centers": [
          0.05,
          0.15000000000000002,
          0.25,
          0.35000000000000003,
          0.45,
          0.55,
          0.6500000000000001,
          0.75,
          0.8500000000000001,
          0.95
        ],
        "actual_freq": [
          null,
          0.08571428571428572,
          0.21694214876033058,
          0.40540540540540543,
          null,
          null,
          null,
          null,
          null,
          null
        ],
        "n_per_bin": [
          0,
          105,
          484,
          37,
          0,
          0,
          0,
          0,
          0,
          0
        ]
      },
      "n_samples": 626,
      "pos_ratio": 0.20607028753993611
    },
    "test": {
      "auc": 0.6005108064477267,
      "pr_auc": 0.3479823432208501,
      "p_at_k": 0.43478260869565216,
      "r_at_k": 0.1652892561983471,
      "k_pct": 10,
      "brier": 0.18886963270165394,
      "calibration": {
        "bin_centers": [
          0.05,
          0.15000000000000002,
          0.25,
          0.35000000000000003,
          0.45,
          0.55,
          0.6500000000000001,
          0.75,
          0.8500000000000001,
          0.95
        ],
        "actual_freq": [
          null,
          0.14102564102564102,
          0.28254847645429365,
          0.32,
          null,
          null,
          null,
          null,
          null,
          null
        ],
        "n_per_bin": [
          0,
          78,
          361,
          25,
          0,
          0,
          0,
          0,
          0,
          0
        ]
      },
      "n_samples": 464,
      "pos_ratio": 0.2607758620689655
    }
  },
  "ensemble": {
    "val": {
      "auc": 0.5980614143920596,
      "pr_auc": 0.2677780554357113,
      "p_at_k": 0.27419354838709675,
      "r_at_k": 0.13076923076923078,
      "k_pct": 10,
      "brier": 0.16419974742819196,
      "calibration": {
        "bin_centers": [
          0.05,
          0.15000000000000002,
          0.25,
          0.35000000000000003,
          0.45,
          0.55,
          0.6500000000000001,
          0.75,
          0.8500000000000001,
          0.95
        ],
        "actual_freq": [
          0.037037037037037035,
          0.17407407407407408,
          0.22959183673469388,
          0.26436781609195403,
          0.3157894736842105,
          0.25,
          null,
          null,
          null,
          null
        ],
        "n_per_bin": [
          27,
          270,
          196,
          87,
          38,
          8,
          0,
          0,
          0,
          0
        ]
      },
      "n_samples": 626,
      "pos_ratio": 0.20766773162939298
    },
    "test": {
      "auc": 0.5983181938655037,
      "pr_auc": 0.31488645085462563,
      "p_at_k": 0.30434782608695654,
      "r_at_k": 0.11570247933884298,
      "k_pct": 10,
      "brier": 0.19199228820753186,
      "calibration": {
        "bin_centers": [
          0.05,
          0.15000000000000002,
          0.25,
          0.35000000000000003,
          0.45,
          0.55,
          0.6500000000000001,
          0.75,
          0.8500000000000001,
          0.95
        ],
        "actual_freq": [
          0.037037037037037035,
          0.2214765100671141,
          0.2679738562091503,
          0.35555555555555557,
          0.34285714285714286,
          0.2222222222222222,
          0.0,
          null,
          null,
          null
        ],
        "n_per_bin": [
          27,
          149,
          153,
          90,
          35,
          9,
          1,
          0,
          0,
          0
        ]
      },
      "n_samples": 464,
      "pos_ratio": 0.2607758620689655
    }
  }
}