{
  "split_strategy": "time",
  "train_quarters": [
    20191,
    20192,
    20193,
    20194,
    20201,
    20202,
    20203,
    20204,
    20211,
    20212,
    20213,
    20214,
    20221,
    20222,
    20223,
    20224
  ],
  "val_quarters": [
    20231,
    20232,
    20233,
    20234
  ],
  "test_quarters": [
    20241,
    20242,
    20243
  ],
  "ensemble_weights": {
    "w_lgbm": 0.4804047101813739,
    "w_tcn": 0.5195952898186261
  },
  "thresholds": {
    "danger_quantile": 0.9,
    "caution_quantile": 0.7,
    "danger": 0.3672295716778766,
    "caution": 0.2508403276707246
  },
  "calibration_info": null,
  "additive_metrics": null,
  "lgbm": {
    "val": {
      "auc": 0.5528730305838739,
      "pr_auc": 0.25966714010877945,
      "p_at_k": 0.2903225806451613,
      "r_at_k": 0.13846153846153847,
      "k_pct": 10,
      "brier": 0.19248025897697613,
      "calibration": {
        "bin_centers": [
          0.05,
          0.15000000000000002,
          0.25,
          0.35000000000000003,
          0.45,
          0.55,
          0.6500000000000001,
          0.75,
          0.8500000000000001,
          0.95
        ],
        "actual_freq": [
          0.15568862275449102,
          0.22695035460992907,
          0.1891891891891892,
          0.2112676056338028,
          0.28846153846153844,
          0.175,
          0.32,
          0.2631578947368421,
          0.5,
          null
        ],
        "n_per_bin": [
          167,
          141,
          111,
          71,
          52,
          40,
          25,
          19,
          2,
          0
        ]
      },
      "n_samples": 628,
      "pos_ratio": 0.2070063694267516
    },
    "test": {
      "auc": 0.6114738693588415,
      "pr_auc": 0.31859335126284294,
      "p_at_k": 0.2826086956521739,
      "r_at_k": 0.10743801652892562,
      "k_pct": 10,
      "brier": 0.21308141698217456,
      "calibration": {
        "bin_centers": [
          0.05,
          0.15000000000000002,
          0.25,
          0.35000000000000003,
          0.45,
          0.55,
          0.6500000000000001,
          0.75,
          0.8500000000000001,
          0.95
        ],
        "actual_freq": [
          0.14285714285714285,
          0.26732673267326734,
          0.3055555555555556,
          0.3333333333333333,
          0.3469387755102041,
          0.3235294117647059,
          0.42105263157894735,
          0.11764705882352941,
          0.42857142857142855,
          null
        ],
        "n_per_bin": [
          126,
          101,
          72,
          39,
          49,
          34,
          19,
          17,
          7,
          0
        ]
      },
      "n_samples": 464,
      "pos_ratio": 0.2607758620689655
    }
  },
  "tcn": {
    "val": {
      "auc": 0.5979754495968056,
      "pr_auc": 0.28738863711373663,
      "p_at_k": 0.3709677419354839,
      "r_at_k": 0.17829457364341086,
      "k_pct": 10,
      "brier": 0.16104808959239852,
      "calibration": {
        "bin_centers": [
          0.05,
          0.15000000000000002,
          0.25,
          0.35000000000000003,
          0.45,
          0.55,
          0.6500000000000001,
          0.75,
          0.8500000000000001,
          0.95
        ],
        "actual_freq": [
          0.045454545454545456,
          0.19347319347319347,
          0.2571428571428571,
          null,
          null,
          null,
          null,
          null,
          null,
          null
        ],
        "n_per_bin": [
          22,
          429,
          175,
          0,
          0,
          0,
          0,
          0,
          0,
          0
        ]
      },
      "n_samples": 626,
      "pos_ratio": 0.20607028753993611
    },
    "test": {
      "auc": 0.5895718381803725,
      "pr_auc": 0.32313243078482046,
      "p_at_k": 0.34782608695652173,
      "r_at_k": 0.1322314049586777,
      "k_pct": 10,
      "brier": 0.19574600684322851,
      "calibration": {
        "bin_centers": [
          0.05,
          0.15000000000000002,
          0.25,
          0.35000000000000003,
          0.45,
          0.55,
          0.6500000000000001,
          0.75,
          0.8500000000000001,
          0.95
        ],
        "actual_freq": [
          0.06666666666666667,
          0.24842767295597484,
          0.31297709923664124,
          null,
          null,
          null,
          null,
          null,
          null,
          null
        ],
        "n_per_bin": [
          15,
          318,
          131,
          0,
          0,
          0,
          0,
          0,
          0,
          0
        ]
      },
      "n_samples": 464,
      "pos_ratio": 0.2607758620689655
    }
  },
  "ensemble": {
    "val": {
      "auc": 0.569385304072497,
      "pr_auc": 0.25946738307107287,
      "p_at_k": 0.2903225806451613,
      "r_at_k": 0.13953488372093023,
      "k_pct": 10,
      "brier": 0.16618501786184955,
      "calibration": {
        "bin_centers": [
          0.05,
          0.15000000000000002,
          0.25,
          0.35000000000000003,
          0.45,
          0.55,
          0.6500000000000001,
          0.75,
          0.8500000000000001,
          0.95
        ],
        "actual_freq": [
          0.09090909090909091,
          0.20967741935483872,
          0.21348314606741572,
          0.2558139534883721,
          0.2571428571428571,
          0.5,
          null,
          null,
          null,
          null
        ],
        "n_per_bin": [
          77,
          248,
          178,
          86,
          35,
          2,
          0,
          0,
          0,
          0
        ]
      },
      "n_samples": 626,
      "pos_ratio": 0.20607028753993611
    },
    "test": {
      "auc": 0.6152085391417488,
      "pr_auc": 0.3197381048736823,
      "p_at_k": 0.2608695652173913,
      "r_at_k": 0.09917355371900827,
      "k_pct": 10,
      "brier": 0.1922710349168353,
      "calibration": {
        "bin_centers": [
          0.05,
          0.15000000000000002,
          0.25,
          0.35000000000000003,
          0.45,
          0.55,
          0.6500000000000001,
          0.75,
          0.8500000000000001,
          0.95
        ],
        "actual_freq": [
          0.07692307692307693,
          0.23255813953488372,
          0.35185185185185186,
          0.345679012345679,
          0.2647058823529412,
          0.25,
          null,
          null,
          null,
          null
        ],
        "n_per_bin": [
          65,
          172,
          108,
          81,
          34,
          4,
          0,
          0,
          0,
          0
        ]
      },
      "n_samples": 464,
      "pos_ratio": 0.2607758620689655
    }
  }
}