{
  "split_strategy": "time",
  "train_quarters": [
    20191,
    20192,
    20193,
    20194,
    20201,
    20202,
    20203,
    20204,
    20211,
    20212,
    20213,
    20214,
    20221,
    20222,
    20223,
    20224
  ],
  "val_quarters": [
    20231,
    20232,
    20233,
    20234
  ],
  "test_quarters": [
    20241,
    20242,
    20243
  ],
  "ensemble_weights": {
    "w_lgbm": 0.4786143904961588,
    "w_tcn": 0.5213856095038413
  },
  "thresholds": {
    "danger_quantile": 0.9,
    "caution_quantile": 0.7,
    "danger": 0.3821786714239871,
    "caution": 0.26555163889351197
  },
  "calibration_info": null,
  "additive_metrics": null,
  "lgbm": {
    "val": {
      "auc": 0.5528730305838739,
      "pr_auc": 0.25966714010877945,
      "p_at_k": 0.2903225806451613,
      "r_at_k": 0.13846153846153847,
      "k_pct": 10,
      "brier": 0.19248025897697613,
      "calibration": {
        "bin_centers": [
          0.05,
          0.15000000000000002,
          0.25,
          0.35000000000000003,
          0.45,
          0.55,
          0.6500000000000001,
          0.75,
          0.8500000000000001,
          0.95
        ],
        "actual_freq": [
          0.15568862275449102,
          0.22695035460992907,
          0.1891891891891892,
          0.2112676056338028,
          0.28846153846153844,
          0.175,
          0.32,
          0.2631578947368421,
          0.5,
          null
        ],
        "n_per_bin": [
          167,
          141,
          111,
          71,
          52,
          40,
          25,
          19,
          2,
          0
        ]
      },
      "n_samples": 628,
      "pos_ratio": 0.2070063694267516
    },
    "test": {
      "auc": 0.6114738693588415,
      "pr_auc": 0.31859335126284294,
      "p_at_k": 0.2826086956521739,
      "r_at_k": 0.10743801652892562,
      "k_pct": 10,
      "brier": 0.21308141698217456,
      "calibration": {
        "bin_centers": [
          0.05,
          0.15000000000000002,
          0.25,
          0.35000000000000003,
          0.45,
          0.55,
          0.6500000000000001,
          0.75,
          0.8500000000000001,
          0.95
        ],
        "actual_freq": [
          0.14285714285714285,
          0.26732673267326734,
          0.3055555555555556,
          0.3333333333333333,
          0.3469387755102041,
          0.3235294117647059,
          0.42105263157894735,
          0.11764705882352941,
          0.42857142857142855,
          null
        ],
        "n_per_bin": [
          126,
          101,
          72,
          39,
          49,
          34,
          19,
          17,
          7,
          0
        ]
      },
      "n_samples": 464,
      "pos_ratio": 0.2607758620689655
    }
  },
  "tcn": {
    "val": {
      "auc": 0.602280348759222,
      "pr_auc": 0.28184770193513653,
      "p_at_k": 0.3709677419354839,
      "r_at_k": 0.17829457364341086,
      "k_pct": 10,
      "brier": 0.16012361988410143,
      "calibration": {
        "bin_centers": [
          0.05,
          0.15000000000000002,
          0.25,
          0.35000000000000003,
          0.45,
          0.55,
          0.6500000000000001,
          0.75,
          0.8500000000000001,
          0.95
        ],
        "actual_freq": [
          0.1,
          0.15289256198347106,
          0.24119241192411925,
          0.4,
          null,
          null,
          null,
          null,
          null,
          null
        ],
        "n_per_bin": [
          10,
          242,
          369,
          5,
          0,
          0,
          0,
          0,
          0,
          0
        ]
      },
      "n_samples": 626,
      "pos_ratio": 0.20607028753993611
    },
    "test": {
      "auc": 0.5977399224152471,
      "pr_auc": 0.3481597735484643,
      "p_at_k": 0.3695652173913043,
      "r_at_k": 0.14049586776859505,
      "k_pct": 10,
      "brier": 0.19156897514358684,
      "calibration": {
        "bin_centers": [
          0.05,
          0.15000000000000002,
          0.25,
          0.35000000000000003,
          0.45,
          0.55,
          0.6500000000000001,
          0.75,
          0.8500000000000001,
          0.95
        ],
        "actual_freq": [
          0.0,
          0.20903954802259886,
          0.2898550724637681,
          0.8,
          null,
          null,
          null,
          null,
          null,
          null
        ],
        "n_per_bin": [
          6,
          177,
          276,
          5,
          0,
          0,
          0,
          0,
          0,
          0
        ]
      },
      "n_samples": 464,
      "pos_ratio": 0.2607758620689655
    }
  },
  "ensemble": {
    "val": {
      "auc": 0.5692449269258965,
      "pr_auc": 0.25495668048844183,
      "p_at_k": 0.25806451612903225,
      "r_at_k": 0.12403100775193798,
      "k_pct": 10,
      "brier": 0.16675566961163513,
      "calibration": {
        "bin_centers": [
          0.05,
          0.15000000000000002,
          0.25,
          0.35000000000000003,
          0.45,
          0.55,
          0.6500000000000001,
          0.75,
          0.8500000000000001,
          0.95
        ],
        "actual_freq": [
          0.06666666666666667,
          0.2032520325203252,
          0.19576719576719576,
          0.25510204081632654,
          0.27906976744186046,
          0.4,
          null,
          null,
          null,
          null
        ],
        "n_per_bin": [
          45,
          246,
          189,
          98,
          43,
          5,
          0,
          0,
          0,
          0
        ]
      },
      "n_samples": 626,
      "pos_ratio": 0.20607028753993611
    },
    "test": {
      "auc": 0.6170156374238007,
      "pr_auc": 0.32031673257579274,
      "p_at_k": 0.30434782608695654,
      "r_at_k": 0.11570247933884298,
      "k_pct": 10,
      "brier": 0.19112928228742584,
      "calibration": {
        "bin_centers": [
          0.05,
          0.15000000000000002,
          0.25,
          0.35000000000000003,
          0.45,
          0.55,
          0.6500000000000001,
          0.75,
          0.8500000000000001,
          0.95
        ],
        "actual_freq": [
          0.025,
          0.2261904761904762,
          0.3225806451612903,
          0.3409090909090909,
          0.3125,
          0.16666666666666666,
          null,
          null,
          null,
          null
        ],
        "n_per_bin": [
          40,
          168,
          124,
          88,
          32,
          12,
          0,
          0,
          0,
          0
        ]
      },
      "n_samples": 464,
      "pos_ratio": 0.2607758620689655
    }
  }
}