{
  "split_strategy": "time",
  "train_quarters": [
    20191,
    20192,
    20193,
    20194,
    20201,
    20202,
    20203,
    20204,
    20211,
    20212,
    20213,
    20214,
    20221,
    20222,
    20223,
    20224
  ],
  "val_quarters": [
    20231,
    20232,
    20233
  ],
  "test_quarters": [
    20234,
    20241,
    20242,
    20243
  ],
  "ensemble_weights": {
    "w_lgbm": 0.4913128855352069,
    "w_tcn": 0.5086871144647931
  },
  "lgbm": {
    "val": {
      "auc": 0.5354792361883574,
      "pr_auc": 0.28880207685029974,
      "p_at_k": 0.3191489361702128,
      "r_at_k": 0.12096774193548387,
      "k_pct": 10,
      "brier": 0.2197209373070785,
      "calibration": {
        "bin_centers": [
          0.05,
          0.15000000000000002,
          0.25,
          0.35000000000000003,
          0.45,
          0.55,
          0.6500000000000001,
          0.75,
          0.8500000000000001,
          0.95
        ],
        "actual_freq": [
          0.19607843137254902,
          0.25,
          0.27450980392156865,
          0.2926829268292683,
          0.25,
          0.2553191489361702,
          0.2727272727272727,
          0.4444444444444444,
          0.3333333333333333,
          null
        ],
        "n_per_bin": [
          51,
          96,
          102,
          82,
          60,
          47,
          22,
          9,
          3,
          0
        ]
      },
      "n_samples": 472,
      "pos_ratio": 0.2627118644067797
    },
    "test": {
      "auc": 0.5080595238095238,
      "pr_auc": 0.32925174785835937,
      "p_at_k": 0.2903225806451613,
      "r_at_k": 0.09,
      "k_pct": 10,
      "brier": 0.2507561075600453,
      "calibration": {
        "bin_centers": [
          0.05,
          0.15000000000000002,
          0.25,
          0.35000000000000003,
          0.45,
          0.55,
          0.6500000000000001,
          0.75,
          0.8500000000000001,
          0.95
        ],
        "actual_freq": [
          0.34210526315789475,
          0.27184466019417475,
          0.3333333333333333,
          0.3474576271186441,
          0.31958762886597936,
          0.3548387096774194,
          0.3018867924528302,
          0.18181818181818182,
          0.5,
          null
        ],
        "n_per_bin": [
          38,
          103,
          105,
          118,
          97,
          93,
          53,
          11,
          2,
          0
        ]
      },
      "n_samples": 620,
      "pos_ratio": 0.3225806451612903
    }
  },
  "tcn": {
    "val": {
      "auc": 0.5544153136055856,
      "pr_auc": 0.312301322509332,
      "p_at_k": 0.3617021276595745,
      "r_at_k": 0.13821138211382114,
      "k_pct": 10,
      "brier": 0.19356339825256472,
      "calibration": {
        "bin_centers": [
          0.05,
          0.15000000000000002,
          0.25,
          0.35000000000000003,
          0.45,
          0.55,
          0.6500000000000001,
          0.75,
          0.8500000000000001,
          0.95
        ],
        "actual_freq": [
          null,
          null,
          0.20958083832335328,
          0.29042904290429045,
          null,
          null,
          null,
          null,
          null,
          null
        ],
        "n_per_bin": [
          0,
          0,
          167,
          303,
          0,
          0,
          0,
          0,
          0,
          0
        ]
      },
      "n_samples": 470,
      "pos_ratio": 0.26170212765957446
    },
    "test": {
      "auc": 0.5401666666666667,
      "pr_auc": 0.36453781309679245,
      "p_at_k": 0.4032258064516129,
      "r_at_k": 0.125,
      "k_pct": 10,
      "brier": 0.21770862070384187,
      "calibration": {
        "bin_centers": [
          0.05,
          0.15000000000000002,
          0.25,
          0.35000000000000003,
          0.45,
          0.55,
          0.6500000000000001,
          0.75,
          0.8500000000000001,
          0.95
        ],
        "actual_freq": [
          null,
          0.0,
          0.2837209302325581,
          0.34405940594059403,
          null,
          null,
          null,
          null,
          null,
          null
        ],
        "n_per_bin": [
          0,
          1,
          215,
          404,
          0,
          0,
          0,
          0,
          0,
          0
        ]
      },
      "n_samples": 620,
      "pos_ratio": 0.3225806451612903
    }
  },
  "ensemble": {
    "val": {
      "auc": 0.5400195785940705,
      "pr_auc": 0.2943349036583245,
      "p_at_k": 0.3404255319148936,
      "r_at_k": 0.12903225806451613,
      "k_pct": 10,
      "brier": 0.20032831350787297,
      "calibration": {
        "bin_centers": [
          0.05,
          0.15000000000000002,
          0.25,
          0.35000000000000003,
          0.45,
          0.55,
          0.6500000000000001,
          0.75,
          0.8500000000000001,
          0.95
        ],
        "actual_freq": [
          null,
          0.16071428571428573,
          0.27624309392265195,
          0.2620689655172414,
          0.29577464788732394,
          0.35294117647058826,
          null,
          null,
          null,
          null
        ],
        "n_per_bin": [
          0,
          56,
          181,
          145,
          71,
          17,
          0,
          0,
          0,
          0
        ]
      },
      "n_samples": 470,
      "pos_ratio": 0.26382978723404255
    },
    "test": {
      "auc": 0.5141666666666667,
      "pr_auc": 0.3305267287862979,
      "p_at_k": 0.3387096774193548,
      "r_at_k": 0.105,
      "k_pct": 10,
      "brier": 0.2256139189156813,
      "calibration": {
        "bin_centers": [
          0.05,
          0.15000000000000002,
          0.25,
          0.35000000000000003,
          0.45,
          0.55,
          0.6500000000000001,
          0.75,
          0.8500000000000001,
          0.95
        ],
        "actual_freq": [
          null,
          0.27906976744186046,
          0.3248730964467005,
          0.3317757009345794,
          0.3287671232876712,
          0.25,
          null,
          null,
          null,
          null
        ],
        "n_per_bin": [
          0,
          43,
          197,
          214,
          146,
          20,
          0,
          0,
          0,
          0
        ]
      },
      "n_samples": 620,
      "pos_ratio": 0.3225806451612903
    }
  }
}