{
  "split_strategy": "time",
  "train_quarters": [
    20191,
    20192,
    20193,
    20194,
    20201,
    20202,
    20203,
    20204,
    20211,
    20212,
    20213,
    20214,
    20221,
    20222,
    20223,
    20224
  ],
  "val_quarters": [
    20231,
    20232,
    20233,
    20234
  ],
  "test_quarters": [
    20241,
    20242,
    20243
  ],
  "ensemble_weights": {
    "w_lgbm": 0.4908438376882444,
    "w_tcn": 0.5091561623117555
  },
  "thresholds": {
    "danger_quantile": 0.9,
    "caution_quantile": 0.7,
    "danger": 0.4099966634327246,
    "caution": 0.3025933152457922
  },
  "lgbm": {
    "val": {
      "auc": 0.5818968180413964,
      "pr_auc": 0.2624555666263034,
      "p_at_k": 0.3064516129032258,
      "r_at_k": 0.14615384615384616,
      "k_pct": 10,
      "brier": 0.1810585673173541,
      "calibration": {
        "bin_centers": [
          0.05,
          0.15000000000000002,
          0.25,
          0.35000000000000003,
          0.45,
          0.55,
          0.6500000000000001,
          0.75,
          0.8500000000000001,
          0.95
        ],
        "actual_freq": [
          0.1642512077294686,
          0.1901840490797546,
          0.24468085106382978,
          0.20634920634920634,
          0.2926829268292683,
          0.2,
          0.2777777777777778,
          0.46153846153846156,
          0.25,
          null
        ],
        "n_per_bin": [
          207,
          163,
          94,
          63,
          41,
          25,
          18,
          13,
          4,
          0
        ]
      },
      "n_samples": 628,
      "pos_ratio": 0.2070063694267516
    },
    "test": {
      "auc": 0.58913813459268,
      "pr_auc": 0.3102501976509909,
      "p_at_k": 0.30434782608695654,
      "r_at_k": 0.11570247933884298,
      "k_pct": 10,
      "brier": 0.21148399177843358,
      "calibration": {
        "bin_centers": [
          0.05,
          0.15000000000000002,
          0.25,
          0.35000000000000003,
          0.45,
          0.55,
          0.6500000000000001,
          0.75,
          0.8500000000000001,
          0.95
        ],
        "actual_freq": [
          0.17355371900826447,
          0.2641509433962264,
          0.2328767123287671,
          0.3442622950819672,
          0.3877551020408163,
          0.23809523809523808,
          0.3684210526315789,
          0.18181818181818182,
          0.3333333333333333,
          null
        ],
        "n_per_bin": [
          121,
          106,
          73,
          61,
          49,
          21,
          19,
          11,
          3,
          0
        ]
      },
      "n_samples": 464,
      "pos_ratio": 0.2607758620689655
    }
  },
  "tcn": {
    "val": {
      "auc": 0.6036061329215604,
      "pr_auc": 0.2839184722085995,
      "p_at_k": 0.3709677419354839,
      "r_at_k": 0.17829457364341086,
      "k_pct": 10,
      "brier": 0.17258723007515964,
      "calibration": {
        "bin_centers": [
          0.05,
          0.15000000000000002,
          0.25,
          0.35000000000000003,
          0.45,
          0.55,
          0.6500000000000001,
          0.75,
          0.8500000000000001,
          0.95
        ],
        "actual_freq": [
          null,
          null,
          0.11560693641618497,
          0.24061810154525387,
          null,
          null,
          null,
          null,
          null,
          null
        ],
        "n_per_bin": [
          0,
          0,
          173,
          453,
          0,
          0,
          0,
          0,
          0,
          0
        ]
      },
      "n_samples": 626,
      "pos_ratio": 0.20607028753993611
    },
    "test": {
      "auc": 0.6002939546538805,
      "pr_auc": 0.3506291674943809,
      "p_at_k": 0.41304347826086957,
      "r_at_k": 0.15702479338842976,
      "k_pct": 10,
      "brier": 0.19220762016967535,
      "calibration": {
        "bin_centers": [
          0.05,
          0.15000000000000002,
          0.25,
          0.35000000000000003,
          0.45,
          0.55,
          0.6500000000000001,
          0.75,
          0.8500000000000001,
          0.95
        ],
        "actual_freq": [
          null,
          null,
          0.16,
          0.29793510324483774,
          null,
          null,
          null,
          null,
          null,
          null
        ],
        "n_per_bin": [
          0,
          0,
          125,
          339,
          0,
          0,
          0,
          0,
          0,
          0
        ]
      },
      "n_samples": 464,
      "pos_ratio": 0.2607758620689655
    }
  },
  "ensemble": {
    "val": {
      "auc": 0.5949596774193548,
      "pr_auc": 0.26770830098140974,
      "p_at_k": 0.27419354838709675,
      "r_at_k": 0.13076923076923078,
      "k_pct": 10,
      "brier": 0.16747350600816424,
      "calibration": {
        "bin_centers": [
          0.05,
          0.15000000000000002,
          0.25,
          0.35000000000000003,
          0.45,
          0.55,
          0.6500000000000001,
          0.75,
          0.8500000000000001,
          0.95
        ],
        "actual_freq": [
          null,
          0.14705882352941177,
          0.20610687022900764,
          0.25396825396825395,
          0.2127659574468085,
          0.42857142857142855,
          null,
          null,
          null,
          null
        ],
        "n_per_bin": [
          0,
          170,
          262,
          126,
          47,
          21,
          0,
          0,
          0,
          0
        ]
      },
      "n_samples": 626,
      "pos_ratio": 0.20766773162939298
    },
    "test": {
      "auc": 0.597354408115076,
      "pr_auc": 0.31430479126590566,
      "p_at_k": 0.30434782608695654,
      "r_at_k": 0.11570247933884298,
      "k_pct": 10,
      "brier": 0.19236240074203462,
      "calibration": {
        "bin_centers": [
          0.05,
          0.15000000000000002,
          0.25,
          0.35000000000000003,
          0.45,
          0.55,
          0.6500000000000001,
          0.75,
          0.8500000000000001,
          0.95
        ],
        "actual_freq": [
          null,
          0.15178571428571427,
          0.26627218934911245,
          0.3103448275862069,
          0.3877551020408163,
          0.23529411764705882,
          0.0,
          null,
          null,
          null
        ],
        "n_per_bin": [
          0,
          112,
          169,
          116,
          49,
          17,
          1,
          0,
          0,
          0
        ]
      },
      "n_samples": 464,
      "pos_ratio": 0.2607758620689655
    }
  }
}