{
  "split_strategy": "time",
  "train_quarters": [
    20191,
    20192,
    20193,
    20194,
    20201,
    20202,
    20203,
    20204,
    20211,
    20212,
    20213,
    20214,
    20221,
    20222,
    20223,
    20224
  ],
  "val_quarters": [
    20231,
    20232,
    20233,
    20234
  ],
  "test_quarters": [
    20241,
    20242,
    20243
  ],
  "ensemble_weights": {
    "w_lgbm": 0.47911252026131124,
    "w_tcn": 0.5208874797386888
  },
  "thresholds": {
    "danger_quantile": 0.9,
    "caution_quantile": 0.7,
    "danger": 0.41393055899975195,
    "caution": 0.29780874869958535
  },
  "calibration_info": null,
  "additive_metrics": null,
  "lgbm": {
    "val": {
      "auc": 0.5528730305838739,
      "pr_auc": 0.25966714010877945,
      "p_at_k": 0.2903225806451613,
      "r_at_k": 0.13846153846153847,
      "k_pct": 10,
      "brier": 0.19248025897697613,
      "calibration": {
        "bin_centers": [
          0.05,
          0.15000000000000002,
          0.25,
          0.35000000000000003,
          0.45,
          0.55,
          0.6500000000000001,
          0.75,
          0.8500000000000001,
          0.95
        ],
        "actual_freq": [
          0.15568862275449102,
          0.22695035460992907,
          0.1891891891891892,
          0.2112676056338028,
          0.28846153846153844,
          0.175,
          0.32,
          0.2631578947368421,
          0.5,
          null
        ],
        "n_per_bin": [
          167,
          141,
          111,
          71,
          52,
          40,
          25,
          19,
          2,
          0
        ]
      },
      "n_samples": 628,
      "pos_ratio": 0.2070063694267516
    },
    "test": {
      "auc": 0.6114738693588415,
      "pr_auc": 0.31859335126284294,
      "p_at_k": 0.2826086956521739,
      "r_at_k": 0.10743801652892562,
      "k_pct": 10,
      "brier": 0.21308141698217456,
      "calibration": {
        "bin_centers": [
          0.05,
          0.15000000000000002,
          0.25,
          0.35000000000000003,
          0.45,
          0.55,
          0.6500000000000001,
          0.75,
          0.8500000000000001,
          0.95
        ],
        "actual_freq": [
          0.14285714285714285,
          0.26732673267326734,
          0.3055555555555556,
          0.3333333333333333,
          0.3469387755102041,
          0.3235294117647059,
          0.42105263157894735,
          0.11764705882352941,
          0.42857142857142855,
          null
        ],
        "n_per_bin": [
          126,
          101,
          72,
          39,
          49,
          34,
          19,
          17,
          7,
          0
        ]
      },
      "n_samples": 464,
      "pos_ratio": 0.2607758620689655
    }
  },
  "tcn": {
    "val": {
      "auc": 0.6010793442827508,
      "pr_auc": 0.2832027609409255,
      "p_at_k": 0.3548387096774194,
      "r_at_k": 0.17054263565891473,
      "k_pct": 10,
      "brier": 0.1648999771352931,
      "calibration": {
        "bin_centers": [
          0.05,
          0.15000000000000002,
          0.25,
          0.35000000000000003,
          0.45,
          0.55,
          0.6500000000000001,
          0.75,
          0.8500000000000001,
          0.95
        ],
        "actual_freq": [
          null,
          0.06666666666666667,
          0.189453125,
          0.31313131313131315,
          null,
          null,
          null,
          null,
          null,
          null
        ],
        "n_per_bin": [
          0,
          15,
          512,
          99,
          0,
          0,
          0,
          0,
          0,
          0
        ]
      },
      "n_samples": 626,
      "pos_ratio": 0.20607028753993611
    },
    "test": {
      "auc": 0.597041177746187,
      "pr_auc": 0.34316786746651806,
      "p_at_k": 0.391304347826087,
      "r_at_k": 0.1487603305785124,
      "k_pct": 10,
      "brier": 0.18944525021674882,
      "calibration": {
        "bin_centers": [
          0.05,
          0.15000000000000002,
          0.25,
          0.35000000000000003,
          0.45,
          0.55,
          0.6500000000000001,
          0.75,
          0.8500000000000001,
          0.95
        ],
        "actual_freq": [
          null,
          0.0,
          0.24681933842239187,
          0.39344262295081966,
          null,
          null,
          null,
          null,
          null,
          null
        ],
        "n_per_bin": [
          0,
          10,
          393,
          61,
          0,
          0,
          0,
          0,
          0,
          0
        ]
      },
      "n_samples": 464,
      "pos_ratio": 0.2607758620689655
    }
  },
  "ensemble": {
    "val": {
      "auc": 0.5654859388891488,
      "pr_auc": 0.25465251626297813,
      "p_at_k": 0.27419354838709675,
      "r_at_k": 0.13178294573643412,
      "k_pct": 10,
      "brier": 0.16939218551203913,
      "calibration": {
        "bin_centers": [
          0.05,
          0.15000000000000002,
          0.25,
          0.35000000000000003,
          0.45,
          0.55,
          0.6500000000000001,
          0.75,
          0.8500000000000001,
          0.95
        ],
        "actual_freq": [
          null,
          0.17703349282296652,
          0.19665271966527198,
          0.2524271844660194,
          0.24074074074074073,
          0.2857142857142857,
          null,
          null,
          null,
          null
        ],
        "n_per_bin": [
          0,
          209,
          239,
          103,
          54,
          21,
          0,
          0,
          0,
          0
        ]
      },
      "n_samples": 626,
      "pos_ratio": 0.20607028753993611
    },
    "test": {
      "auc": 0.6159554730983302,
      "pr_auc": 0.319606869663854,
      "p_at_k": 0.2826086956521739,
      "r_at_k": 0.10743801652892562,
      "k_pct": 10,
      "brier": 0.1906616390588491,
      "calibration": {
        "bin_centers": [
          0.05,
          0.15000000000000002,
          0.25,
          0.35000000000000003,
          0.45,
          0.55,
          0.6500000000000001,
          0.75,
          0.8500000000000001,
          0.95
        ],
        "actual_freq": [
          0.0,
          0.16901408450704225,
          0.28205128205128205,
          0.32608695652173914,
          0.35294117647058826,
          0.3125,
          0.0,
          null,
          null,
          null
        ],
        "n_per_bin": [
          6,
          142,
          156,
          92,
          51,
          16,
          1,
          0,
          0,
          0
        ]
      },
      "n_samples": 464,
      "pos_ratio": 0.2607758620689655
    }
  }
}