{
  "split_strategy": "time",
  "train_quarters": [
    20191,
    20192,
    20193,
    20194,
    20201,
    20202,
    20203,
    20204,
    20211,
    20212,
    20213,
    20214,
    20221,
    20222,
    20223,
    20224
  ],
  "val_quarters": [
    20231,
    20232,
    20233,
    20234
  ],
  "test_quarters": [
    20241,
    20242,
    20243
  ],
  "ensemble_weights": {
    "w_lgbm": 0.4831040153010886,
    "w_tcn": 0.5168959846989114
  },
  "thresholds": {
    "danger_quantile": 0.9,
    "caution_quantile": 0.7,
    "danger": 0.3998975406991754,
    "caution": 0.30715975155003306
  },
  "lgbm": {
    "val": {
      "auc": 0.5594223046030274,
      "pr_auc": 0.251280510223737,
      "p_at_k": 0.2903225806451613,
      "r_at_k": 0.13846153846153847,
      "k_pct": 10,
      "brier": 0.1901226297779956,
      "calibration": {
        "bin_centers": [
          0.05,
          0.15000000000000002,
          0.25,
          0.35000000000000003,
          0.45,
          0.55,
          0.6500000000000001,
          0.75,
          0.8500000000000001,
          0.95
        ],
        "actual_freq": [
          0.11764705882352941,
          0.2972972972972973,
          0.18681318681318682,
          0.2597402597402597,
          0.15517241379310345,
          0.1111111111111111,
          0.42105263157894735,
          0.3333333333333333,
          0.3333333333333333,
          null
        ],
        "n_per_bin": [
          187,
          148,
          91,
          77,
          58,
          27,
          19,
          15,
          6,
          0
        ]
      },
      "n_samples": 628,
      "pos_ratio": 0.2070063694267516
    },
    "test": {
      "auc": 0.6064621834566176,
      "pr_auc": 0.3170312699149172,
      "p_at_k": 0.32608695652173914,
      "r_at_k": 0.12396694214876033,
      "k_pct": 10,
      "brier": 0.21283874304590822,
      "calibration": {
        "bin_centers": [
          0.05,
          0.15000000000000002,
          0.25,
          0.35000000000000003,
          0.45,
          0.55,
          0.6500000000000001,
          0.75,
          0.8500000000000001,
          0.95
        ],
        "actual_freq": [
          0.16393442622950818,
          0.24742268041237114,
          0.24193548387096775,
          0.37037037037037035,
          0.2830188679245283,
          0.41935483870967744,
          0.38095238095238093,
          0.3,
          0.0,
          0.0
        ],
        "n_per_bin": [
          122,
          97,
          62,
          54,
          53,
          31,
          21,
          20,
          3,
          1
        ]
      },
      "n_samples": 464,
      "pos_ratio": 0.2607758620689655
    }
  },
  "tcn": {
    "val": {
      "auc": 0.5985525556439412,
      "pr_auc": 0.27972087981880445,
      "p_at_k": 0.3548387096774194,
      "r_at_k": 0.17054263565891473,
      "k_pct": 10,
      "brier": 0.1678187477497308,
      "calibration": {
        "bin_centers": [
          0.05,
          0.15000000000000002,
          0.25,
          0.35000000000000003,
          0.45,
          0.55,
          0.6500000000000001,
          0.75,
          0.8500000000000001,
          0.95
        ],
        "actual_freq": [
          null,
          0.08333333333333333,
          0.17857142857142858,
          0.2446043165467626,
          null,
          null,
          null,
          null,
          null,
          null
        ],
        "n_per_bin": [
          0,
          12,
          336,
          278,
          0,
          0,
          0,
          0,
          0,
          0
        ]
      },
      "n_samples": 626,
      "pos_ratio": 0.20607028753993611
    },
    "test": {
      "auc": 0.597041177746187,
      "pr_auc": 0.3440654001913176,
      "p_at_k": 0.43478260869565216,
      "r_at_k": 0.1652892561983471,
      "k_pct": 10,
      "brier": 0.18995593409395722,
      "calibration": {
        "bin_centers": [
          0.05,
          0.15000000000000002,
          0.25,
          0.35000000000000003,
          0.45,
          0.55,
          0.6500000000000001,
          0.75,
          0.8500000000000001,
          0.95
        ],
        "actual_freq": [
          null,
          0.0,
          0.23236514522821577,
          0.3037383177570093,
          null,
          null,
          null,
          null,
          null,
          null
        ],
        "n_per_bin": [
          0,
          9,
          241,
          214,
          0,
          0,
          0,
          0,
          0,
          0
        ]
      },
      "n_samples": 464,
      "pos_ratio": 0.2607758620689655
    }
  },
  "ensemble": {
    "val": {
      "auc": 0.5713661815856379,
      "pr_auc": 0.25615649805902985,
      "p_at_k": 0.2903225806451613,
      "r_at_k": 0.13953488372093023,
      "k_pct": 10,
      "brier": 0.16950249441371829,
      "calibration": {
        "bin_centers": [
          0.05,
          0.15000000000000002,
          0.25,
          0.35000000000000003,
          0.45,
          0.55,
          0.6500000000000001,
          0.75,
          0.8500000000000001,
          0.95
        ],
        "actual_freq": [
          null,
          0.12690355329949238,
          0.2543859649122807,
          0.2014388489208633,
          0.2926829268292683,
          0.2857142857142857,
          null,
          null,
          null,
          null
        ],
        "n_per_bin": [
          0,
          197,
          228,
          139,
          41,
          21,
          0,
          0,
          0,
          0
        ]
      },
      "n_samples": 626,
      "pos_ratio": 0.20607028753993611
    },
    "test": {
      "auc": 0.61385923909115,
      "pr_auc": 0.32015148097735663,
      "p_at_k": 0.32608695652173914,
      "r_at_k": 0.12396694214876033,
      "k_pct": 10,
      "brier": 0.19108811934248376,
      "calibration": {
        "bin_centers": [
          0.05,
          0.15000000000000002,
          0.25,
          0.35000000000000003,
          0.45,
          0.55,
          0.6500000000000001,
          0.75,
          0.8500000000000001,
          0.95
        ],
        "actual_freq": [
          null,
          0.16393442622950818,
          0.25949367088607594,
          0.3113207547169811,
          0.38181818181818183,
          0.2727272727272727,
          0.0,
          null,
          null,
          null
        ],
        "n_per_bin": [
          0,
          122,
          158,
          106,
          55,
          22,
          1,
          0,
          0,
          0
        ]
      },
      "n_samples": 464,
      "pos_ratio": 0.2607758620689655
    }
  }
}