{
  "version": "v7_daily_residual",
  "mode": "residual_lag7",
  "task": "daily",
  "input_size": 25,
  "feature_columns": [
    "total_pop",
    "time_zone_norm",
    "dow_0",
    "dow_1",
    "dow_2",
    "dow_3",
    "dow_4",
    "dow_5",
    "dow_6",
    "dong_11440555",
    "dong_11440565",
    "dong_11440585",
    "dong_11440590",
    "dong_11440600",
    "dong_11440610",
    "dong_11440630",
    "dong_11440655",
    "dong_11440660",
    "dong_11440680",
    "dong_11440690",
    "dong_11440700",
    "dong_11440710",
    "dong_11440720",
    "dong_11440730",
    "dong_11440740"
  ],
  "n_dong": 16,
  "n_hours": 24,
  "save_suffix": "",
  "best_val_loss": 0.0003962218679154172,
  "test_loss": 0.0002806753362513875,
  "train_size": 673536,
  "val_size": 144384,
  "test_size": 144768,
  "epochs_trained": 8,
  "n_channels": 64,
  "kernel_size": 2,
  "dilations": [
    1,
    2,
    4,
    8
  ],
  "window_size": 14,
  "batch_size": 256,
  "lr": 0.001,
  "weight_decay": 1e-05,
  "patience": 5,
  "dropout": 0.2,
  "seed": 2026,
  "target_col": "total_pop",
  "save_path": "C:\\Users\\804\\Documents\\final project\\models\\living_pop_forecast\\weights\\living_pop_tcn_v7_daily_residual.pt",
  "scalers_path": "C:\\Users\\804\\Documents\\final project\\models\\living_pop_forecast\\weights\\living_pop_scalers_v7_daily_residual.pkl",
  "train_time_seconds": 228.76589250564575,
  "trained_at": "2026-04-29T10:46:11.908370",
  "metrics": {
    "MAE": 1062.5197055320841,
    "RMSE": 2804.864456371427,
    "NRMSE_pct": 2.0771716955743003,
    "MAPE_pct": 3.7766065112734513,
    "sMAPE_pct": 3.7291468472160445,
    "R2": 0.9694765934709229,
    "MASE_lag7": 1.0003922838173456,
    "MASE_in_sample": 0.8041407587725746,
    "n_test": 144768
  }
}