{
  "version": "v2",
  "input_size": 21,
  "feature_columns": [
    "total_avg_pop",
    "weekday_avg_pop",
    "weekend_avg_pop",
    "time_zone_norm",
    "quarter_num",
    "dong_11440555",
    "dong_11440565",
    "dong_11440585",
    "dong_11440590",
    "dong_11440600",
    "dong_11440610",
    "dong_11440630",
    "dong_11440655",
    "dong_11440660",
    "dong_11440680",
    "dong_11440690",
    "dong_11440700",
    "dong_11440710",
    "dong_11440720",
    "dong_11440730",
    "dong_11440740"
  ],
  "n_dong": 16,
  "exclude_dongs": [
    "11440585"
  ],
  "save_suffix": "lodo_11440585",
  "best_val_loss": 7.633649935693636e-05,
  "test_loss": 0.0015207034557533916,
  "train_size": 5292,
  "val_size": 1134,
  "test_size": 1134,
  "epochs_trained": 50,
  "n_channels": 64,
  "kernel_size": 2,
  "dilations": [
    1,
    2,
    4
  ],
  "window_size": 8,
  "batch_size": 64,
  "lr": 0.001,
  "weight_decay": 1e-05,
  "patience": 10,
  "dropout": 0.2,
  "seed": 2026,
  "save_path": "C:\\Users\\804\\Documents\\final project\\models\\living_pop_forecast\\weights\\living_pop_tcn_v2_lodo_11440585.pt",
  "scalers_path": "C:\\Users\\804\\Documents\\final project\\models\\living_pop_forecast\\weights\\living_pop_scalers_v2_lodo_11440585.pkl",
  "trained_at": "2026-04-28T22:36:00.838448"
}